nam4	slope_afdiff	slope_tSDS	intercept_afdiff	intercept_tSDS	pslope_afdiff	pintercept_afdiff	pslope_tSDS	pintercept_tSDS
1. GIANT	0.013741193885684847	0.274062306684258	0.00598952786744136	0.11401428624109237	5.214541159931646e-36	3.342642790879488e-79	5.256356255362114e-51	7.380143883764931e-103
2. NG2015 sibs	0.01587775274730124	0.25709638349053554	0.006334803630363037	0.1048984916351374	1.8496992071597123e-23	6.550273277912115e-43	1.8473712497324492e-22	7.813321261920054e-43
3. UKB all no PCs	0.021027341662587178	0.3428414082398678	0.00743616329675749	0.12815938039046956	8.50518426628976e-82	4.0094534656606235e-120	5.0576466238062194e-79	2.4100799682631397e-129
4. UKB WB no PCs	-0.005883453173025435	-0.019306893282458864	-0.0030505128220934532	-0.011220435768664983	1.1025578865159021e-7	1.6214793917678457e-21	0.2948203884722725	0.03494571811884266
5. UKB	0.001749815865911738	0.04670096167701006	1.565442026312554e-4	0.01671796500057373	0.11450419791625807	0.6247583514798265	0.011152376115301272	0.0016505310827108943
6. UKB sibs WB	6.429363103472877e-5	0.02931247344107563	5.6922759215879876e-5	0.00634506513136991	0.9538108092261504	0.8590000858990002	0.11173144908847998	0.2330311245023367
